{
  "items": {
    "BBRI.JK": {
      "net_income": [
        31.07,
        51.17,
        60.1,
        60.15,
        56.65
      ],
      "revenue": [
        191.73,
        208.11,
        241.68,
        280.08,
        279.59
      ],
      "eps": [
        207.04,
        341.04,
        400.55,
        400.92,
        377.57
      ],
      "cagr_net_income": 16.202284234123955,
      "cagr_revenue": 9.889928410196024,
      "cagr_eps": 16.207940709157608,
      "cagr_years": 5,
      "input_mode": "annual"
    },
    "HMSP.JK": {
      "net_income": [
        10.0,
        11.8
      ],
      "revenue": [
        10.0,
        12.1
      ],
      "eps": [
        10.0,
        10.8
      ]
    },
    "GOTO.JK": {
      "net_income": [
        10.0,
        11.6
      ],
      "revenue": [
        10.0,
        11.6
      ],
      "eps": [
        10.0,
        10.09
      ]
    },
    "MPMX.JK": {
      "net_income": [
        10.0,
        11.6
      ],
      "revenue": [
        10.0,
        11.6
      ],
      "eps": [
        10.0,
        10.9
      ],
      "cagr_net_income": 15.999999999999993,
      "cagr_revenue": 15.999999999999993,
      "cagr_eps": 9.000000000000007,
      "input_mode": "annual"
    },
    "BBCA.JK": {
      "net_income": [
        10.0,
        11.649
      ],
      "revenue": [
        10.0,
        11.483
      ],
      "eps": [
        10.0,
        11.628
      ],
      "cagr_net_income": 16.48999999999998,
      "cagr_revenue": 14.830000000000009,
      "cagr_eps": 16.280000000000005,
      "input_mode": "annual"
    },
    "PBSA.JK": {
      "net_income": [],
      "revenue": [],
      "eps": [],
      "cagr_net_income": 16.0,
      "cagr_revenue": 16.0,
      "cagr_eps": 8.0,
      "cagr_years": 5,
      "input_mode": "direct"
    },
    "ROCK.JK": {
      "net_income": [],
      "revenue": [],
      "eps": [],
      "cagr_net_income": 16.0,
      "cagr_revenue": 8.0,
      "cagr_eps": 8.0,
      "input_mode": "direct"
    },
    "ANTM.JK": {
      "net_income": [],
      "revenue": [],
      "eps": [],
      "cagr_net_income": 16.0,
      "cagr_revenue": 16.0,
      "cagr_eps": 8.0,
      "cagr_years": 5,
      "input_mode": "direct"
    }
  }
}