{
  "items": {
    "bbca.jk": {
      "net_income": [
        40735722000000.0,
        48639122000000.0,
        54836305000000.0,
        57537287000000.0
      ],
      "revenue": [
        89523508000000.0,
        100485975000000.0,
        108796625000000.0,
        114319648000000.0
      ],
      "eps": [
        330.0,
        395.0,
        445.0,
        467.0
      ],
      "cagr_net_income": 12.199603111163015,
      "cagr_revenue": 8.491220663730958,
      "cagr_eps": 12.271014467343466,
      "cagr_years": 4,
      "period_start_year": 2022,
      "period_end_year": 2025,
      "period_label": "2022-2025",
      "period_source": "auto_annual_report",
      "input_mode": "auto"
    }
  }
}